Photo_ID,Date,Sample_ID,Origin,Egg_number,Diameter1_long,Diameter2_short,,Tech,Note
6C5_20191024,20191024,6C5,Nursery,1,0.599,0.411,0.188,AM,
6C5_20191024,20191024,6C5,Nursery,2,0.501,0.385,0.116,AM,
6C5_20191024,20191024,6C5,Nursery,3,0.535,0.493,0.042,AM,
6C5_20191024,20191024,6C5,Nursery,4,0.449,0.38,0.069,AM,
6C5_20191024,20191024,6C5,Nursery,5,0.544,0.441,0.103,AM,
6C5_20191024,20191024,6C5,Nursery,6,0.542,0.445,0.097,AM,
6C5_20191024,20191024,6C5,Nursery,7,0.581,0.501,0.08,AM,
6C5_20191024,20191024,6C5,Nursery,8,0.526,0.38,0.146,AM,
6C5_20191024,20191024,6C5,Nursery,9,0.496,0.399,0.097,AM,
6C5_20191024,20191024,6C5,Nursery,10,0.557,0.529,0.028,AM,
6C5_20191024,20191024,6C5,Nursery,11,0.484,0.352,0.132,AM,
6C5_20191024,20191024,6C5,Nursery,12,0.451,0.342,0.109,AM,
6C5_20191024,20191024,6C5,Nursery,13,0.616,0.422,0.194,AM,
6C5_20191024,20191024,6C5,Nursery,14,0.514,0.451,0.063,AM,
6C5_20191024,20191024,6C5,Nursery,15,0.597,0.55,0.047,AM,
6C5_20191024,20191024,6C5,Nursery,16,0.556,0.42,0.136,AM,
6C5_20191024,20191024,6C5,Nursery,17,0.624,0.45,0.174,AM,
6C5_20191024,20191024,6C5,Nursery,18,0.39,0.34,0.05,AM,
6C5_20191024,20191024,6C5,Nursery,19,0.56,0.375,0.185,AM,
6C5_20191024,20191024,6C5,Nursery,20,0.55,0.266,0.284,AM,
6C5_20191024,20191024,6C5,Nursery,21,0.502,0.385,0.117,AM,
6C5_20191024,20191024,6C5,Nursery,22,0.554,0.447,0.107,AM,
6C5_20191024,20191024,6C5,Nursery,23,0.691,0.41,0.281,AM,
6C5_20191024,20191024,6C5,Nursery,24,0.499,0.428,0.071,AM,
6C5_20191024,20191024,6C5,Nursery,25,0.593,0.445,0.148,AM,
6C5_20191024,20191024,6C5,Nursery,26,0.549,0.296,0.253,AM,
6C5_20191024,20191024,6C5,Nursery,27,0.469,0.45,0.019,AM,
6C5_20191024,20191024,6C5,Nursery,28,0.634,0.463,0.171,AM,
6C5_20191024,20191024,6C5,Nursery,29,0.562,0.364,0.198,AM,
6C5_20191024,20191024,6C5,Nursery,30,0.497,0.286,0.211,AM,
6C5_20191024,20191024,6C5,Nursery,31,0.522,0.481,0.041,AM,
6C5_20191024,20191024,6C5,Nursery,32,0.48,0.313,0.167,AM,
6C5_20191024,20191024,6C5,Nursery,33,0.559,0.551,0.008,AM,
6C5_20191024,20191024,6C5,Nursery,34,0.609,0.464,0.145,AM,
6C5_20191024,20191024,6C5,Nursery,35,0.621,0.297,0.324,AM,
6C5_20191024,20191024,6C5,Nursery,36,0.506,0.464,0.042,AM,
6C5_20191024,20191024,6C5,Nursery,37,0.542,0.324,0.218,AM,
6C5_20191024,20191024,6C5,Nursery,38,0.725,0.38,0.345,AM,
6C5_20191024,20191024,6C5,Nursery,39,0.551,0.395,0.156,AM,
6C5_20191024,20191024,6C5,Nursery,40,0.581,0.48,0.101,AM,
6C5_20191024,20191024,6C5,Nursery,41,0.535,0.438,0.097,AM,
6C5_20191024,20191024,6C5,Nursery,42,0.563,0.475,0.088,AM,
6C5_20191024,20191024,6C5,Nursery,43,0.501,0.453,0.048,AM,
6C5_20191024,20191024,6C5,Nursery,44,0.508,0.488,0.02,AM,
6C5_20191024,20191024,6C5,Nursery,45,0.524,0.405,0.119,AM,
6C5_20191024,20191024,6C5,Nursery,46,0.535,0.49,0.045,AM,
6C5_20191024,20191024,6C5,Nursery,47,0.502,0.43,0.072,AM,
6C5_20191024,20191024,6C5,Nursery,48,0.449,0.378,0.071,AM,
6C5_20191024,20191024,6C5,Nursery,49,0.521,0.4,0.121,AM,
6C5_20191024,20191024,6C5,Nursery,50,0.554,0.479,0.075,AM,
6C5_20191024,20191024,6C5,Nursery,51,0.552,0.367,0.185,AM,
6C5_20191024,20191024,6C5,Nursery,52,0.643,0.378,0.265,AM,
6C5_20191024,20191024,6C5,Nursery,53,0.566,0.293,0.273,AM,
6C5_20191024,20191024,6C5,Nursery,54,0.685,0.419,0.266,AM,
6C5_20191024,20191024,6C5,Nursery,55,0.349,0.244,0.105,AM,
7_20191021,20191021,7,Nursery,1,0.611,0.485,0.126,AM,
7_20191021,20191021,7,Nursery,2,0.743,0.355,0.388,AM,
7_20191021,20191021,7,Nursery,3,0.599,0.537,0.062,AM,
7_20191021,20191021,7,Nursery,4,0.654,0.547,0.107,AM,
7_20191021,20191021,7,Nursery,5,0.698,0.457,0.241,AM,
7_20191021,20191021,7,Nursery,6,0.523,0.397,0.126,AM,
7_20191021,20191021,7,Nursery,7,0.619,0.597,0.022,AM,
7_20191021,20191021,7,Nursery,8,0.609,0.248,0.361,AM,
7_20191021,20191021,7,Nursery,9,0.679,0.316,0.363,AM,
7_20191021,20191021,7,Nursery,10,0.705,0.529,0.176,AM,
7_20191021,20191021,7,Nursery,11,0.627,0.47,0.157,AM,
7_20191021,20191021,7,Nursery,12,0.652,0.373,0.279,AM,
7_20191021,20191021,7,Nursery,13,0.695,0.367,0.328,AM,
7_20191021,20191021,7,Nursery,14,0.526,0.26,0.266,AM,
7_20191021,20191021,7,Nursery,15,0.645,0.379,0.266,AM,
7_20191021,20191021,7,Nursery,16,0.639,0.555,0.084,AM,
7_20191021,20191021,7,Nursery,17,0.536,0.505,0.031,AM,
7_20191021,20191021,7,Nursery,18,0.514,0.464,0.05,AM,
7_20191021,20191021,7,Nursery,19,0.668,0.382,0.286,AM,
7_20191021,20191021,7,Nursery,20,0.421,0.313,0.108,AM,
7_20191021,20191021,7,Nursery,21,0.609,0.334,0.275,AM,
7_20191021,20191021,7,Nursery,22,0.587,0.415,0.172,AM,
7_20191021,20191021,7,Nursery,23,0.581,0.397,0.184,AM,
7_20191021,20191021,7,Nursery,24,0.637,0.278,0.359,AM,
7_20191021,20191021,7,Nursery,25,0.607,0.486,0.121,AM,
7_20191021,20191021,7,Nursery,26,0.554,0.443,0.111,AM,
7_20191021,20191021,7,Nursery,27,0.608,0.256,0.352,AM,
7_20191021,20191021,7,Nursery,28,0.675,0.508,0.167,AM,
7_20191021,20191021,7,Nursery,29,0.604,0.425,0.179,AM,
7_20191021,20191021,7,Nursery,30,0.331,0.316,0.015,AM,
7_20191021,20191021,7,Nursery,31,0.452,0.322,0.13,AM,
7_20191021,20191021,7,Nursery,32,0.635,0.566,0.069,AM,
7_20191021,20191021,7,Nursery,33,0.595,0.301,0.294,AM,
7_20191021,20191021,7,Nursery,34,0.798,0.353,0.445,AM,
7_20191021,20191021,7,Nursery,35,0.488,0.437,0.051,AM,
7_20191021,20191021,7,Nursery,36,0.568,0.367,0.201,AM,
7_20191021,20191021,7,Nursery,37,0.663,0.49,0.173,AM,
7_20191021,20191021,7,Nursery,38,0.451,0.393,0.058,AM,
7_20191021,20191021,7,Nursery,39,0.735,0.316,0.419,AM,
7_20191021,20191021,7,Nursery,40,0.597,0.461,0.136,AM,
7_20191021,20191021,7,Nursery,41,0.625,0.456,0.169,AM,
7_20191021,20191021,7,Nursery,42,0.641,0.43,0.211,AM,
7_20191021,20191021,7,Nursery,43,0.653,0.393,0.26,AM,
7_20191021,20191021,7,Nursery,44,0.576,0.564,0.012,AM,
7_20191021,20191021,7,Nursery,45,0.622,0.426,0.196,AM,
7_20191021,20191021,7,Nursery,46,0.518,0.226,0.292,AM,
7_20191021,20191021,7,Nursery,47,0.572,0.365,0.207,AM,
7_20191021,20191021,7,Nursery,48,0.58,0.415,0.165,AM,
7_20191021,20191021,7,Nursery,49,0.599,0.389,0.21,AM,
7_20191021,20191021,7,Nursery,50,0.552,0.341,0.211,AM,
7_20191021,20191021,7,Nursery,51,0.516,0.488,0.028,AM,
7_20191021,20191021,7,Nursery,52,0.608,0.494,0.114,AM,
7_20191021,20191021,7,Nursery,53,0.652,0.369,0.283,AM,
7_20191021,20191021,7,Nursery,54,0.581,0.538,0.043,AM,
7_20191021,20191021,7,Nursery,55,0.518,0.313,0.205,AM,
7_20191021,20191021,7,Nursery,56,0.585,0.433,0.152,AM,
7_20191021,20191021,7,Nursery,57,0.442,0.442,0,AM,
7_20191021,20191021,7,Nursery,58,0.626,0.449,0.177,AM,
7_20191021,20191021,7,Nursery,59,0.548,0.424,0.124,AM,
7_20191021,20191021,7,Nursery,60,0.623,0.576,0.047,AM,
7_20191021,20191021,7,Nursery,61,0.618,0.433,0.185,AM,
7_20191021,20191021,7,Nursery,62,0.623,0.422,0.201,AM,
7_20191021,20191021,7,Nursery,63,0.548,0.41,0.138,AM,
7_20191021,20191021,7,Nursery,64,0.634,0.627,0.007,AM,
7_20191021,20191021,7,Nursery,65,0.559,0.362,0.197,AM,
7_20191021,20191021,7,Nursery,66,0.675,0.551,0.124,AM,
7_20191021,20191021,7,Nursery,67,0.593,0.549,0.044,AM,
7_20191021,20191021,7,Nursery,68,0.645,0.453,0.192,AM,
7_20191021,20191021,7,Nursery,69,0.578,0.481,0.097,AM,
7_20191021,20191021,7,Nursery,70,0.579,0.482,0.097,AM,
7_20191021,20191021,7,Nursery,71,0.548,0.44,0.108,AM,
7_20191021,20191021,7,Nursery,72,0.705,0.397,0.308,AM,
7_20191021,20191021,7,Nursery,73,0.497,0.388,0.109,AM,
7_20191021,20191021,7,Nursery,74,0.748,0.481,0.267,AM,
7_20191021,20191021,7,Nursery,75,0.588,0.463,0.125,AM,
7_20191021,20191021,7,Nursery,76,0.62,0.427,0.193,AM,
7_20191021,20191021,7,Nursery,77,0.595,0.483,0.112,AM,
7_20191021,20191021,7,Nursery,78,0.595,0.445,0.15,AM,
7_20191021,20191021,7,Nursery,79,0.476,0.467,0.009,AM,
7_20191021,20191021,7,Nursery,80,0.569,0.468,0.101,AM,
7_20191021,20191021,7,Nursery,81,0.608,0.473,0.135,AM,
7_20191021,20191021,7,Nursery,82,0.545,0.403,0.142,AM,
7_20191021,20191021,7,Nursery,83,0.576,0.472,0.104,AM,
7_20191021,20191021,7,Nursery,84,0.576,0.447,0.129,AM,
7_20191021,20191021,7,Nursery,85,0.567,0.28,0.287,AM,
7_20191021,20191021,7,Nursery,86,0.597,0.445,0.152,AM,
7_20191021,20191021,7,Nursery,87,0.754,0.472,0.282,AM,
7_20191021,20191021,7,Nursery,88,0.684,0.537,0.147,AM,
7_20191021,20191021,7,Nursery,89,0.487,0.367,0.12,AM,
7_20191021,20191021,7,Nursery,90,0.652,0.464,0.188,AM,
7_20191021,20191021,7,Nursery,91,0.771,0.47,0.301,AM,
7_20191021,20191021,7,Nursery,92,0.529,0.447,0.082,AM,
7_20191021,20191021,7,Nursery,93,0.658,0.35,0.308,AM,
7_20191021,20191021,7,Nursery,94,0.647,0.47,0.177,AM,
7_20191021,20191021,7,Nursery,95,0.519,0.479,0.04,AM,
7_20191021,20191021,7,Nursery,96,0.754,0.375,0.379,AM,
7_20191021,20191021,7,Nursery,97,0.543,0.507,0.036,AM,
7_20191021,20191021,7,Nursery,98,0.554,0.347,0.207,AM,
7C1_20191021,20191021,7C1,Nursery,1,0.571,0.487,0.084,AM,
7C1_20191021,20191021,7C1,Nursery,2,0.722,0.385,0.337,AM,
7C1_20191021,20191021,7C1,Nursery,3,0.618,0.405,0.213,AM,
7C1_20191021,20191021,7C1,Nursery,4,0.632,0.506,0.126,AM,
7C1_20191021,20191021,7C1,Nursery,5,0.592,0.506,0.086,AM,
7C1_20191021,20191021,7C1,Nursery,6,0.724,0.56,0.164,AM,
7C1_20191021,20191021,7C1,Nursery,7,0.623,0.598,0.025,AM,
7C1_20191021,20191021,7C1,Nursery,8,0.682,0.673,0.009,AM,
7C1_20191021,20191021,7C1,Nursery,9,0.651,0.492,0.159,AM,
7C1_20191021,20191021,7C1,Nursery,10,0.624,0.624,0,AM,
7C1_20191021,20191021,7C1,Nursery,11,0.676,0.452,0.224,AM,
7C1_20191021,20191021,7C1,Nursery,12,0.57,0.364,0.206,AM,
7C1_20191021,20191021,7C1,Nursery,13,0.579,0.508,0.071,AM,
7C1_20191021,20191021,7C1,Nursery,14,0.578,0.525,0.053,AM,
7C1_20191021,20191021,7C1,Nursery,15,0.554,0.533,0.021,AM,
7C1_20191021,20191021,7C1,Nursery,16,0.465,0.414,0.051,AM,
7C1_20191021,20191021,7C1,Nursery,17,0.552,0.496,0.056,AM,
7C1_20191021,20191021,7C1,Nursery,18,0.604,0.584,0.02,AM,
7C1_20191021,20191021,7C1,Nursery,19,0.688,0.633,0.055,AM,
7C1_20191021,20191021,7C1,Nursery,20,0.59,0.494,0.096,AM,
7C1_20191021,20191021,7C1,Nursery,21,0.505,0.41,0.095,AM,
7C1_20191021,20191021,7C1,Nursery,22,0.613,0.585,0.028,AM,
7C1_20191021,20191021,7C1,Nursery,23,0.616,0.523,0.093,AM,
7C1_20191021,20191021,7C1,Nursery,24,0.545,0.421,0.124,AM,
7C1_20191021,20191021,7C1,Nursery,25,0.656,0.447,0.209,AM,
7C1_20191021,20191021,7C1,Nursery,26,0.566,0.516,0.05,AM,
7C1_20191021,20191021,7C1,Nursery,27,0.555,0.484,0.071,AM,
7C1_20191021,20191021,7C1,Nursery,28,0.58,0.399,0.181,AM,
7C1_20191021,20191021,7C1,Nursery,39,0.603,0.508,0.095,AM,
7C1_20191021,20191021,7C1,Nursery,30,0.689,0.592,0.097,AM,
7C1_20191021,20191021,7C1,Nursery,31,0.739,0.636,0.103,AM,
7C1_20191021,20191021,7C1,Nursery,32,0.587,0.473,0.114,AM,
7C1_20191021,20191021,7C1,Nursery,33,0.619,0.546,0.073,AM,
7C1_20191021,20191021,7C1,Nursery,34,0.593,0.533,0.06,AM,
7C1_20191021,20191021,7C1,Nursery,35,0.705,0.575,0.13,AM,
7C1_20191021,20191021,7C1,Nursery,36,0.69,0.606,0.084,AM,
7C1_20191021,20191021,7C1,Nursery,37,0.585,0.511,0.074,AM,
7C1_20191021,20191021,7C1,Nursery,38,0.602,0.55,0.052,AM,
7C1_20191021,20191021,7C1,Nursery,39,0.511,0.494,0.017,AM,
7C1_20191021,20191021,7C1,Nursery,40,0.576,0.507,0.069,AM,
12C1_20191021,20191021,12C1,Nursery,1,0.497,0.48,0.017,AM,
12C1_20191021,20191021,12C1,Nursery,2,0.521,0.451,0.07,AM,
12C1_20191021,20191021,12C1,Nursery,3,0.538,0.45,0.088,AM,
12C1_20191021,20191021,12C1,Nursery,4,0.562,0.424,0.138,AM,
12C1_20191021,20191021,12C1,Nursery,5,0.534,0.477,0.057,AM,
12C1_20191021,20191021,12C1,Nursery,6,0.554,0.463,0.091,AM,
12C1_20191021,20191021,12C1,Nursery,7,0.551,0.451,0.1,AM,
12C1_20191021,20191021,12C1,Nursery,8,0.433,0.369,0.064,AM,
12C1_20191021,20191021,12C1,Nursery,9,0.438,0.402,0.036,AM,
12C1_20191021,20191021,12C1,Nursery,10,0.459,0.445,0.014,AM,
12C1_20191021,20191021,12C1,Nursery,11,0.568,0.458,0.11,AM,
12C1_20191021,20191021,12C1,Nursery,12,0.506,0.384,0.122,AM,
12C1_20191021,20191021,12C1,Nursery,13,0.577,0.361,0.216,AM,
12C1_20191021,20191021,12C1,Nursery,14,0.461,0.383,0.078,AM,
12C1_20191021,20191021,12C1,Nursery,15,0.531,0.472,0.059,AM,
12C1_20191021,20191021,12C1,Nursery,16,0.403,0.356,0.047,AM,
12C1_20191021,20191021,12C1,Nursery,17,0.487,0.391,0.096,AM,
12C1_20191021,20191021,12C1,Nursery,17,0.454,0.449,0.005,AM,
12C1_20191021,20191021,12C1,Nursery,18,0.482,0.419,0.063,AM,
12C1_20191021,20191021,12C1,Nursery,19,0.505,0.471,0.034,AM,
12C1_20191021,20191021,12C1,Nursery,20,0.451,0.364,0.087,AM,
12C1_20191021,20191021,12C1,Nursery,21,0.508,0.485,0.023,AM,
12C1_20191021,20191021,12C1,Nursery,22,0.475,0.363,0.112,AM,
12C1_20191021,20191021,12C1,Nursery,23,0.508,0.476,0.032,AM,
12C1_20191021,20191021,12C1,Nursery,24,0.547,0.489,0.058,AM,
12C1_20191021,20191021,12C1,Nursery,25,0.493,0.489,0.004,AM,
12C1_20191021,20191021,12C1,Nursery,26,0.556,0.466,0.09,AM,
12C1_20191021,20191021,12C1,Nursery,27,0.502,0.424,0.078,AM,
12C1_20191021,20191021,12C1,Nursery,28,0.515,0.44,0.075,AM,
12C1_20191021,20191021,12C1,Nursery,29,0.503,0.418,0.085,AM,
12C1_20191021,20191021,12C1,Nursery,30,0.445,0.439,0.006,AM,
12C1_20191021,20191021,12C1,Nursery,31,0.451,0.426,0.025,AM,
12C1_20191021,20191021,12C1,Nursery,32,0.437,0.365,0.072,AM,
12C1_20191021,20191021,12C1,Nursery,33,0.473,0.448,0.025,AM,
12C1_20191021,20191021,12C1,Nursery,34,0.506,0.48,0.026,AM,
12C1_20191021,20191021,12C1,Nursery,35,0.517,0.461,0.056,AM,
12C1_20191021,20191021,12C1,Nursery,36,0.563,0.412,0.151,AM,
12C1_20191021,20191021,12C1,Nursery,37,0.517,0.438,0.079,AM,
12C1_20191021,20191021,12C1,Nursery,38,0.54,0.442,0.098,AM,
12C1_20191021,20191021,12C1,Nursery,39,0.513,0.409,0.104,AM,
12C1_20191021,20191021,12C1,Nursery,40,0.505,0.433,0.072,AM,
12C1_20191021,20191021,12C1,Nursery,41,0.509,0.442,0.067,AM,
12C1_20191021,20191021,12C1,Nursery,42,0.519,0.4,0.119,AM,
12C1_20191021,20191021,12C1,Nursery,43,0.519,0.483,0.036,AM,
12C1_20191021,20191021,12C1,Nursery,44,0.543,0.416,0.127,AM,
12C1_20191021,20191021,12C1,Nursery,45,0.506,0.461,0.045,AM,
12C1_20191021,20191021,12C1,Nursery,46,0.501,0.469,0.032,AM,
12C1_20191021,20191021,12C1,Nursery,47,0.514,0.414,0.1,AM,
12C1_20191021,20191021,12C1,Nursery,48,0.529,0.527,0.002,AM,
12C1_20191021,20191021,12C1,Nursery,49,0.488,0.435,0.053,AM,
12C1_20191021,20191021,12C1,Nursery,50,0.43,0.419,0.011,AM,
12C1_20191021,20191021,12C1,Nursery,51,0.555,0.48,0.075,AM,
12C1_20191021,20191021,12C1,Nursery,52,0.537,0.519,0.018,AM,
12C1_20191021,20191021,12C1,Nursery,53,0.486,0.471,0.015,AM,
12C1_20191021,20191021,12C1,Nursery,54,0.482,0.453,0.029,AM,
12C1_20191021,20191021,12C1,Nursery,55,0.554,0.418,0.136,AM,
12C1_20191021,20191021,12C1,Nursery,56,0.467,0.412,0.055,AM,
12C1_20191021,20191021,12C1,Nursery,57,0.503,0.461,0.042,AM,
12C1_20191021,20191021,12C1,Nursery,58,0.489,0.478,0.011,AM,
12C1_20191021,20191021,12C1,Nursery,59,0.573,0.503,0.07,AM,
12C1_20191021,20191021,12C1,Nursery,60,0.508,0.484,0.024,AM,
12C1_20191021,20191021,12C1,Nursery,61,0.481,0.454,0.027,AM,
12C1_20191021,20191021,12C1,Nursery,62,0.511,0.419,0.092,AM,
12C1_20191021,20191021,12C1,Nursery,63,0.516,0.487,0.029,AM,
12C1_20191021,20191021,12C1,Nursery,64,0.485,0.451,0.034,AM,
12C1_20191021,20191021,12C1,Nursery,65,0.532,0.388,0.144,AM,
12C1_20191021,20191021,12C1,Nursery,66,0.506,0.43,0.076,AM,
12C1_20191021,20191021,12C1,Nursery,67,0.538,0.46,0.078,AM,
12C1_20191021,20191021,12C1,Nursery,68,0.499,0.489,0.01,AM,
12C1_20191021,20191021,12C1,Nursery,69,0.493,0.43,0.063,AM,
12C1_20191021,20191021,12C1,Nursery,70,0.478,0.428,0.05,AM,
12C1_20191021,20191021,12C1,Nursery,71,0.561,0.502,0.059,AM,
12C1_20191021,20191021,12C1,Nursery,72,0.497,0.497,0,AM,
12C1_20191021,20191021,12C1,Nursery,73,0.519,0.367,0.152,AM,
12C1_20191021,20191021,12C1,Nursery,74,0.51,0.451,0.059,AM,
12C1_20191021,20191021,12C1,Nursery,75,0.451,0.439,0.012,AM,
12C1_20191021,20191021,12C1,Nursery,76,0.519,0.453,0.066,AM,
12C1_20191021,20191021,12C1,Nursery,77,0.482,0.456,0.026,AM,
12C1_20191021,20191021,12C1,Nursery,78,0.448,0.416,0.032,AM,
12C1_20191021,20191021,12C1,Nursery,79,0.428,0.396,0.032,AM,
12C1_20191021,20191021,12C1,Nursery,80,0.531,0.44,0.091,AM,
12C1_20191021,20191021,12C1,Nursery,81,0.54,0.443,0.097,AM,
12C1_20191021,20191021,12C1,Nursery,82,0.538,0.477,0.061,AM,
12C1_20191021,20191021,12C1,Nursery,83,0.506,0.436,0.07,AM,
12C1_20191021,20191021,12C1,Nursery,84,0.514,0.441,0.073,AM,
12C1_20191021,20191021,12C1,Nursery,85,0.53,0.456,0.074,AM,
12C1_20191021,20191021,12C1,Nursery,86,0.535,0.419,0.116,AM,
12C1_20191021,20191021,12C1,Nursery,87,0.464,0.456,0.008,AM,
12C1_20191021,20191021,12C1,Nursery,88,0.532,0.411,0.121,AM,
12C1_20191021,20191021,12C1,Nursery,89,0.519,0.444,0.075,AM,
12C1_20191021,20191021,12C1,Nursery,90,0.535,0.469,0.066,AM,
12C1_20191021,20191021,12C1,Nursery,91,0.493,0.467,0.026,AM,
12C1_20191021,20191021,12C1,Nursery,92,0.51,0.406,0.104,AM,
12C1_20191021,20191021,12C1,Nursery,93,0.474,0.422,0.052,AM,
12C1_20191021,20191021,12C1,Nursery,94,0.589,0.414,0.175,AM,
12C1_20191021,20191021,12C1,Nursery,95,0.512,0.485,0.027,AM,
12C1_20191021,20191021,12C1,Nursery,96,0.54,0.451,0.089,AM,
12C1_20191021,20191021,12C1,Nursery,97,0.531,0.448,0.083,AM,
12C1_20191021,20191021,12C1,Nursery,98,0.538,0.444,0.094,AM,
12C1_20191021,20191021,12C1,Nursery,99,0.495,0.443,0.052,AM,
12C1_20191021,20191021,12C1,Nursery,100,0.519,0.459,0.06,AM,
12C1_20191021,20191021,12C1,Nursery,101,0.38,0.345,0.035,AM,
12C1_20191021,20191021,12C1,Nursery,102,0.486,0.436,0.05,AM,
12C1_20191021,20191021,12C1,Nursery,103,0.514,0.439,0.075,AM,
12C1_20191021,20191021,12C1,Nursery,104,0.522,0.426,0.096,AM,
12C1_20191021,20191021,12C1,Nursery,105,0.514,0.513,0.001,AM,
12C1_20191021,20191021,12C1,Nursery,106,0.517,0.465,0.052,AM,
12C1_20191021,20191021,12C1,Nursery,107,0.496,0.4,0.096,AM,
12C1_20191021,20191021,12C1,Nursery,108,0.486,0.438,0.048,AM,
12C1_20191021,20191021,12C1,Nursery,109,0.507,0.455,0.052,AM,
12C1_20191021,20191021,12C1,Nursery,110,0.525,0.432,0.093,AM,
12C1_20191021,20191021,12C1,Nursery,111,0.49,0.472,0.018,AM,
12C1_20191021,20191021,12C1,Nursery,112,0.567,0.477,0.09,AM,
12C1_20191021,20191021,12C1,Nursery,113,0.526,0.478,0.048,AM,
12C1_20191021,20191021,12C1,Nursery,114,0.542,0.462,0.08,AM,
12C1_20191021,20191021,12C1,Nursery,115,0.561,0.506,0.055,AM,
12C1_20191021,20191021,12C1,Nursery,116,0.62,0.453,0.167,AM,
12C1_20191021,20191021,12C1,Nursery,117,0.414,0.414,0,AM,
12C1_20191021,20191021,12C1,Nursery,118,0.517,0.479,0.038,AM,
12C1_20191021,20191021,12C1,Nursery,119,0.53,0.512,0.018,AM,
14_20191021,20191021,14,Nursery,1,0.583,0.58,0.003,AM,
14_20191021,20191021,14,Nursery,2,0.7,0.568,0.132,AM,
14_20191021,20191021,14,Nursery,3,0.639,0.554,0.085,AM,
14_20191021,20191021,14,Nursery,4,0.598,0.482,0.116,AM,
14_20191021,20191021,14,Nursery,5,0.507,0.504,0.003,AM,
14_20191021,20191021,14,Nursery,6,0.648,0.539,0.109,AM,
14_20191021,20191021,14,Nursery,7,0.697,0.589,0.108,AM,
14_20191021,20191021,14,Nursery,8,0.694,0.553,0.141,AM,
14_20191021,20191021,14,Nursery,9,0.613,0.38,0.233,AM,
14_20191021,20191021,14,Nursery,10,0.648,0.495,0.153,AM,
14_20191021,20191021,14,Nursery,11,0.652,0.484,0.168,AM,
14_20191021,20191021,14,Nursery,12,0.693,0.57,0.123,AM,
14_20191021,20191021,14,Nursery,13,0.683,0.57,0.113,AM,
14_20191021,20191021,14,Nursery,14,0.564,0.447,0.117,AM,
14_20191021,20191021,14,Nursery,15,0.738,0.523,0.215,AM,
14_20191021,20191021,14,Nursery,16,0.541,0.459,0.082,AM,
14_20191021,20191021,14,Nursery,17,0.591,0.288,0.303,AM,
14_20191021,20191021,14,Nursery,18,0.638,0.603,0.035,AM,
14_20191021,20191021,14,Nursery,19,0.761,0.55,0.211,AM,
14_20191021,20191021,14,Nursery,20,0.58,0.462,0.118,AM,
14_20191021,20191021,14,Nursery,21,0.67,0.556,0.114,AM,
14_20191021,20191021,14,Nursery,22,0.752,0.606,0.146,AM,
14_20191021,20191021,14,Nursery,23,0.606,0.521,0.085,AM,
14_20191021,20191021,14,Nursery,24,0.778,0.456,0.322,AM,
14_20191021,20191021,14,Nursery,25,0.943,0.335,0.608,AM,
14_20191021,20191021,14,Nursery,26,0.541,0.45,0.091,AM,
14_20191021,20191021,14,Nursery,27,0.64,0.545,0.095,AM,
14_20191021,20191021,14,Nursery,28,0.778,0.538,0.24,AM,
14_20191021,20191021,14,Nursery,29,0.612,0.561,0.051,AM,
14_20191021,20191021,14,Nursery,30,0.719,0.561,0.158,AM,
14_20191021,20191021,14,Nursery,31,0.659,0.488,0.171,AM,
14_20191021,20191021,14,Nursery,32,0.667,0.362,0.305,AM,
14_20191021,20191021,14,Nursery,33,0.713,0.538,0.175,AM,
14_20191021,20191021,14,Nursery,34,0.567,0.514,0.053,AM,
14_20191021,20191021,14,Nursery,35,0.514,0.426,0.088,AM,
14_20191021,20191021,14,Nursery,36,0.659,0.482,0.177,AM,
14_20191021,20191021,14,Nursery,37,0.606,0.529,0.077,AM,
14_20191021,20191021,14,Nursery,38,0.841,0.361,0.48,AM,
14_20191021,20191021,14,Nursery,39,0.774,0.387,0.387,AM,
14_20191021,20191021,14,Nursery,40,0.669,0.411,0.258,AM,
14_20191021,20191021,14,Nursery,41,0.645,0.572,0.073,AM,
14_20191021,20191021,14,Nursery,42,0.629,0.497,0.132,AM,
14_20191021,20191021,14,Nursery,43,0.583,0.318,0.265,AM,
14_20191024,20191024,14,Nursery,1,0.449,0.459,-0.01,AM,
14_20191024,20191024,14,Nursery,2,0.479,0.382,0.097,AM,
14_20191024,20191024,14,Nursery,3,0.446,0.412,0.034,AM,
14_20191024,20191024,14,Nursery,4,0.493,0.413,0.08,AM,
14_20191024,20191024,14,Nursery,5,0.523,0.392,0.131,AM,
14_20191024,20191024,14,Nursery,6,0.507,0.386,0.121,AM,
14_20191024,20191024,14,Nursery,7,0.492,0.432,0.06,AM,
14_20191024,20191024,14,Nursery,8,0.551,0.318,0.233,AM,
14_20191024,20191024,14,Nursery,9,0.594,0.291,0.303,AM,
14_20191024,20191024,14,Nursery,10,0.527,0.475,0.052,AM,
14_20191024,20191024,14,Nursery,11,0.484,0.404,0.08,AM,
14_20191024,20191024,14,Nursery,12,0.538,0.325,0.213,AM,
14_20191024,20191024,14,Nursery,13,0.478,0.439,0.039,AM,
14_20191024,20191024,14,Nursery,14,0.497,0.319,0.178,AM,
14_20191024,20191024,14,Nursery,15,0.415,0.337,0.078,AM,
14_20191024,20191024,14,Nursery,16,0.515,0.403,0.112,AM,
14_20191024,20191024,14,Nursery,17,0.44,0.371,0.069,AM,
14_20191024,20191024,14,Nursery,18,0.534,0.377,0.157,AM,
14_20191024,20191024,14,Nursery,19,0.443,0.431,0.012,AM,
14_20191024,20191024,14,Nursery,20,0.539,0.427,0.112,AM,
14_20191024,20191024,14,Nursery,21,0.443,0.332,0.111,AM,
14_20191024,20191024,14,Nursery,22,0.527,0.444,0.083,AM,
14_20191024,20191024,14,Nursery,23,0.448,0.357,0.091,AM,
14_20191024,20191024,14,Nursery,24,0.508,0.407,0.101,AM,
14_20191024,20191024,14,Nursery,25,0.541,0.426,0.115,AM,
14_20191024,20191024,14,Nursery,26,0.452,0.372,0.08,AM,
14_20191024,20191024,14,Nursery,27,0.45,0.293,0.157,AM,
14_20191024,20191024,14,Nursery,28,0.624,0.303,0.321,AM,
14_20191024,20191024,14,Nursery,29,0.51,0.359,0.151,AM,
14_20191024,20191024,14,Nursery,30,0.454,0.398,0.056,AM,
14_20191024,20191024,14,Nursery,31,0.476,0.355,0.121,AM,
14_20191024,20191024,14,Nursery,32,0.414,0.383,0.031,AM,
14_20191024,20191024,14,Nursery,33,0.487,0.3,0.187,AM,
14_20191024,20191024,14,Nursery,34,0.556,0.396,0.16,AM,
14_20191024,20191024,14,Nursery,35,0.458,0.355,0.103,AM,
14_20191024,20191024,14,Nursery,36,0.486,0.283,0.203,AM,
14_20191024,20191024,14,Nursery,37,0.505,0.375,0.13,AM,
14_20191024,20191024,14,Nursery,38,0.526,0.249,0.277,AM,
14_20191024,20191024,14,Nursery,39,0.501,0.425,0.076,AM,
14_20191024,20191024,14,Nursery,40,0.412,0.343,0.069,AM,
14_20191024,20191024,14,Nursery,41,0.489,0.446,0.043,AM,
14_20191024,20191024,14,Nursery,42,0.562,0.325,0.237,AM,
14_20191024,20191024,14,Nursery,43,0.53,0.517,0.013,AM,
14_20191024,20191024,14,Nursery,44,0.51,0.299,0.211,AM,
14_20191024,20191024,14,Nursery,45,0.496,0.339,0.157,AM,
14_20191024,20191024,14,Nursery,46,0.549,0.36,0.189,AM,
14_20191024,20191024,14,Nursery,47,0.351,0.338,0.013,AM,
14_20191024,20191024,14,Nursery,48,0.559,0.354,0.205,AM,
14_20191024,20191024,14,Nursery,49,0.48,0.417,0.063,AM,
14_20191024,20191024,14,Nursery,50,0.615,0.305,0.31,AM,
14_20191024,20191024,14,Nursery,51,0.499,0.41,0.089,AM,
14_20191024,20191024,14,Nursery,52,0.471,0.346,0.125,AM,
14_20191024,20191024,14,Nursery,53,0.567,0.314,0.253,AM,
14_20191024,20191024,14,Nursery,54,0.458,0.311,0.147,AM,
14_20191024,20191024,14,Nursery,55,0.473,0.463,0.01,AM,
14_20191024,20191024,14,Nursery,56,0.401,0.336,0.065,AM,
14_20191024,20191024,14,Nursery,57,0.517,0.439,0.078,AM,
14_20191024,20191024,14,Nursery,58,0.541,0.381,0.16,AM,
14_20191024,20191024,14,Nursery,59,0.504,0.329,0.175,AM,
14_20191024,20191024,14,Nursery,60,0.451,0.415,0.036,AM,
14_20191024,20191024,14,Nursery,61,0.494,0.392,0.102,AM,
14_20191024,20191024,14,Nursery,62,0.517,0.439,0.078,AM,
14_20191024,20191024,14,Nursery,63,0.459,0.419,0.04,AM,
14_20191024,20191024,14,Nursery,64,0.562,0.384,0.178,AM,
14_20191024,20191024,14,Nursery,65,0.498,0.433,0.065,AM,
14_20191024,20191024,14,Nursery,66,0.567,0.426,0.141,AM,
14_20191024,20191024,14,Nursery,67,0.504,0.418,0.086,AM,
14_20191024,20191024,14,Nursery,68,0.521,0.416,0.105,AM,
14_20191024,20191024,14,Nursery,69,0.524,0.416,0.108,AM,
14_20191024,20191024,14,Nursery,70,0.504,0.415,0.089,AM,
14_20191024,20191024,14,Nursery,71,0.572,0.433,0.139,AM,
14_20191024,20191024,14,Nursery,72,0.534,0.417,0.117,AM,
14_20191024,20191024,14,Nursery,73,0.54,0.437,0.103,AM,
14_20191024,20191024,14,Nursery,74,0.522,0.35,0.172,AM,
14_20191024,20191024,14,Nursery,75,0.494,0.302,0.192,AM,
14_20191024,20191024,14,Nursery,76,0.526,0.371,0.155,AM,
14_20191024,20191024,14,Nursery,77,0.482,0.474,0.008,AM,
14_20191024,20191024,14,Nursery,78,0.503,0.414,0.089,AM,
14_20191024,20191024,14,Nursery,79,0.547,0.403,0.144,AM,
14_20191024,20191024,14,Nursery,80,0.535,0.35,0.185,AM,
14_20191024,20191024,14,Nursery,81,0.496,0.47,0.026,AM,
14_20191024,20191024,14,Nursery,82,0.522,0.446,0.076,AM,
14_20191024,20191024,14,Nursery,83,0.51,0.419,0.091,AM,
14_20191024,20191024,14,Nursery,84,0.45,0.397,0.053,AM,
14_20191024,20191024,14,Nursery,85,0.542,0.407,0.135,AM,
14_20191024,20191024,14,Nursery,86,0.514,0.46,0.054,AM,
14_20191024,20191024,14,Nursery,87,0.444,0.417,0.027,AM,
14_20191021,20191021,14,Nursery,1,0.565,0.32,0.245,HP,
14_20191021,20191021,14,Nursery,2,0.595,0.567,0.028,HP,
14_20191021,20191021,14,Nursery,3,0.585,0.363,0.222,HP,
14_20191021,20191021,14,Nursery,4,0.757,0.317,0.44,HP,
14_20191021,20191021,14,Nursery,5,0.731,0.334,0.397,HP,
14_20191021,20191021,14,Nursery,6,0.563,0.497,0.066,HP,
14_20191021,20191021,14,Nursery,7,0.643,0.442,0.201,HP,
14_20191021,20191021,14,Nursery,8,0.456,0.398,0.058,HP,
14_20191021,20191021,14,Nursery,9,0.642,0.508,0.134,HP,
14_20191021,20191021,14,Nursery,10,0.541,0.46,0.081,HP,
14_20191021,20191021,14,Nursery,11,0.338,0.125,0.213,HP,
14_20191021,20191021,14,Nursery,12,0.792,0.218,0.574,HP,
14_20191021,20191021,14,Nursery,13,0.586,0.433,0.153,HP,
14_20191021,20191021,14,Nursery,14,0.859,0.317,0.542,HP,
14_20191021,20191021,14,Nursery,15,0.53,0.414,0.116,HP,
14_20191021,20191021,14,Nursery,16,0.646,0.508,0.138,HP,
14_20191021,20191021,14,Nursery,17,0.507,0.399,0.108,HP,
14_20191021,20191021,14,Nursery,18,0.71,0.38,0.33,HP,
14_20191021,20191021,14,Nursery,19,0.541,0.512,0.029,HP,
14_20191021,20191021,14,Nursery,20,0.56,0.429,0.131,HP,
14_20191021,20191021,14,Nursery,21,0.71,0.542,0.168,HP,
14_20191021,20191021,14,Nursery,22,0.589,0.557,0.032,HP,
14_20191021,20191021,14,Nursery,23,0.573,0.276,0.297,HP,
14_20191021,20191021,14,Nursery,24,0.634,0.49,0.144,HP,
14_20191021,20191021,14,Nursery,25,0.669,0.476,0.193,HP,
14_20191021,20191021,14,Nursery,26,0.664,0.449,0.215,HP,
14_20191021,20191021,14,Nursery,27,0.732,0.532,0.2,HP,
14_20191021,20191021,14,Nursery,28,0.572,0.505,0.067,HP,
14_20191021,20191021,14,Nursery,29,0.628,0.541,0.087,HP,
14_20191021,20191021,14,Nursery,30,0.559,0.405,0.154,HP,
14_20191021,20191021,14,Nursery,31,0.715,0.492,0.223,HP,
14_20191021,20191021,14,Nursery,32,0.805,0.268,0.537,HP,
14_20191021,20191021,14,Nursery,33,0.598,0.479,0.119,HP,
14_20191021,20191021,14,Nursery,34,0.584,0.505,0.079,HP,
14_20191021,20191021,14,Nursery,35,0.561,0.531,0.03,HP,
14_20191021,20191021,14,Nursery,36,0.524,0.428,0.096,HP,
14_20191021,20191021,14,Nursery,37,0.498,0.428,0.07,HP,
14_20191021,20191021,14,Nursery,38,0.537,0.331,0.206,HP,
14_20191021,20191021,14,Nursery,39,0.618,0.479,0.139,HP,
14_20191021,20191021,14,Nursery,40,0.633,0.493,0.14,HP,
14_20191021,20191021,14,Nursery,41,0.63,0.509,0.121,HP,
12C1_20191021,20191021,12,Nursery,1,0.54,0.406,0.134,HP,
12C1_20191021,20191021,12,Nursery,2,0.538,0.44,0.098,HP,
12C1_20191021,20191021,12,Nursery,3,0.509,0.46,0.049,HP,
12C1_20191021,20191021,12,Nursery,4,0.489,0.422,0.067,HP,
12C1_20191021,20191021,12,Nursery,5,0.464,0.439,0.025,HP,
12C1_20191021,20191021,12,Nursery,6,0.48,0.452,0.028,HP,
12C1_20191021,20191021,12,Nursery,7,0.502,0.446,0.056,HP,
12C1_20191021,20191021,12,Nursery,8,0.513,0.456,0.057,HP,
12C1_20191021,20191021,12,Nursery,9,0.562,0.385,0.177,HP,
12C1_20191021,20191021,12,Nursery,10,0.487,0.456,0.031,HP,
12C1_20191021,20191021,12,Nursery,11,0.503,0.471,0.032,HP,
12C1_20191021,20191021,12,Nursery,12,0.438,0.352,0.086,HP,
12C1_20191021,20191021,12,Nursery,13,0.459,0.408,0.051,HP,
12C1_20191021,20191021,12,Nursery,14,0.507,0.373,0.134,HP,
12C1_20191021,20191021,12,Nursery,15,0.562,0.406,0.156,HP,
12C1_20191021,20191021,12,Nursery,16,0.458,0.411,0.047,HP,
12C1_20191021,20191021,12,Nursery,17,0.429,0.397,0.032,HP,
12C1_20191021,20191021,12,Nursery,18,0.501,0.444,0.057,HP,
12C1_20191021,20191021,12,Nursery,19,0.492,0.486,0.006,HP,
12C1_20191021,20191021,12,Nursery,20,0.474,0.44,0.034,HP,
12C1_20191021,20191021,12,Nursery,21,0.447,0.436,0.011,HP,
12C1_20191021,20191021,12,Nursery,22,0.411,0.399,0.012,HP,
12C1_20191021,20191021,12,Nursery,23,0.427,0.381,0.046,HP,
12C1_20191021,20191021,12,Nursery,24,0.499,0.447,0.052,HP,
12C1_20191021,20191021,12,Nursery,25,0.441,0.402,0.039,HP,
12C1_20191021,20191021,12,Nursery,26,0.488,0.417,0.071,HP,
12C1_20191021,20191021,12,Nursery,27,0.456,0.416,0.04,HP,
12C1_20191021,20191021,12,Nursery,28,0.427,0.38,0.047,HP,
12C1_20191021,20191021,12,Nursery,29,0.458,0.393,0.065,HP,
12C1_20191021,20191021,12,Nursery,30,0.404,0.38,0.024,HP,
12C1_20191021,20191021,12,Nursery,31,0.477,0.427,0.05,HP,
12C1_20191021,20191021,12,Nursery,32,0.534,0.445,0.089,HP,
12C1_20191021,20191021,12,Nursery,33,0.388,0.362,0.026,HP,
12C1_20191021,20191021,12,Nursery,34,0.501,0.467,0.034,HP,
12C1_20191021,20191021,12,Nursery,35,0.45,0.343,0.107,HP,
12C1_20191021,20191021,12,Nursery,36,0.475,0.471,0.004,HP,
12C1_20191021,20191021,12,Nursery,37,0.458,0.442,0.016,HP,
12C1_20191021,20191021,12,Nursery,38,0.478,0.447,0.031,HP,
12C1_20191021,20191021,12,Nursery,39,0.444,0.409,0.035,HP,
12C1_20191021,20191021,12,Nursery,40,0.442,0.407,0.035,HP,
12C1_20191021,20191021,12,Nursery,41,0.492,0.429,0.063,HP,
12C1_20191021,20191021,12,Nursery,42,0.507,0.354,0.153,HP,
12C1_20191021,20191021,12,Nursery,43,0.503,0.456,0.047,HP,
12C1_20191021,20191021,12,Nursery,44,0.527,0.44,0.087,HP,
12C1_20191021,20191021,12,Nursery,45,0.504,0.495,0.009,HP,
12C1_20191021,20191021,12,Nursery,46,0.535,0.464,0.071,HP,
12C1_20191021,20191021,12,Nursery,47,0.52,0.413,0.107,HP,
12C1_20191021,20191021,12,Nursery,48,0.485,0.484,0.001,HP,
12C1_20191021,20191021,12,Nursery,49,0.464,0.451,0.013,HP,
12C1_20191021,20191021,12,Nursery,50,0.521,0.454,0.067,HP,
12C1_20191021,20191021,12,Nursery,51,0.509,0.464,0.045,HP,
12C1_20191021,20191021,12,Nursery,52,0.495,0.442,0.053,HP,
12C1_20191021,20191021,12,Nursery,53,0.482,0.458,0.024,HP,
12C1_20191021,20191021,12,Nursery,54,0.404,0.401,0.003,HP,
12C1_20191021,20191021,12,Nursery,55,0.471,0.369,0.102,HP,
10_20191023,20191023,10,Nursery,1,0.828,0.383,0.445,HP,
10_20191023,20191023,10,Nursery,2,0.768,0.414,0.354,HP,
10_20191023,20191023,10,Nursery,3,0.629,0.411,0.218,HP,
10_20191023,20191023,10,Nursery,4,0.814,0.319,0.495,HP,
10_20191023,20191023,10,Nursery,5,0.71,0.346,0.364,HP,
10_20191023,20191023,10,Nursery,6,0.525,0.417,0.108,HP,
10_20191023,20191023,10,Nursery,7,0.76,0.422,0.338,HP,
10_20191023,20191023,10,Nursery,8,0.754,0.295,0.459,HP,
10_20191023,20191023,10,Nursery,9,0.578,0.43,0.148,HP,
10_20191023,20191023,10,Nursery,10,0.566,0.423,0.143,HP,
10_20191023,20191023,10,Nursery,11,0.464,0.391,0.073,HP,
10_20191023,20191023,10,Nursery,12,0.511,0.494,0.017,HP,
10_20191023,20191023,10,Nursery,13,0.799,0.371,0.428,HP,
10_20191023,20191023,10,Nursery,14,0.735,0.39,0.345,HP,
10_20191023,20191023,10,Nursery,15,0.611,0.405,0.206,HP,
10_20191023,20191023,10,Nursery,16,0.617,0.369,0.248,HP,
10_20191023,20191023,10,Nursery,17,0.504,0.407,0.097,HP,
10_20191023,20191023,10,Nursery,18,0.605,0.467,0.138,HP,
10_20191023,20191023,10,Nursery,19,0.708,0.29,0.418,HP,
10_20191023,20191023,10,Nursery,20,0.695,0.357,0.338,HP,
10_20191023,20191023,10,Nursery,21,0.627,0.447,0.18,HP,
10_20191023,20191023,10,Nursery,22,0.612,0.463,0.149,HP,
10_20191023,20191023,10,Nursery,23,0.596,0.346,0.25,HP,
10_20191023,20191023,10,Nursery,24,0.529,0.431,0.098,HP,
10_20191023,20191023,10,Nursery,25,0.506,0.426,0.08,HP,
10_20191023,20191023,10,Nursery,26,0.448,0.338,0.11,HP,
10_20191023,20191023,10,Nursery,27,0.832,0.31,0.522,HP,
10_20191023,20191023,10,Nursery,28,0.628,0.271,0.357,HP,
10_20191023,20191023,10,Nursery,29,0.418,0.353,0.065,HP,
10_20191023,20191023,10,Nursery,30,0.497,0.346,0.151,HP,
10_20191023,20191023,10,Nursery,31,0.535,0.508,0.027,HP,
10_20191023,20191023,10,Nursery,32,0.623,0.431,0.192,HP,
10_20191023,20191023,10,Nursery,33,0.726,0.309,0.417,HP,
10_20191023,20191023,10,Nursery,34,0.582,0.4,0.182,HP,
10_20191023,20191023,10,Nursery,35,0.429,0.424,0.005,HP,
10_20191023,20191023,10,Nursery,36,0.448,0.323,0.125,HP,
10_20191023,20191023,10,Nursery,37,0.58,0.436,0.144,HP,
10_20191023,20191023,10,Nursery,38,0.633,0.427,0.206,HP,
10_20191023,20191023,10,Nursery,39,0.794,0.444,0.35,HP,
10_20191023,20191023,10,Nursery,40,0.4,0.367,0.033,HP,
10_20191023,20191023,10,Nursery,41,0.507,0.466,0.041,HP,
10_20191023,20191023,10,Nursery,42,0.468,0.463,0.005,HP,
10_20191023,20191023,10,Nursery,43,0.566,0.331,0.235,HP,
10_20191023,20191023,10,Nursery,44,0.619,0.382,0.237,HP,
10_20191023,20191023,10,Nursery,45,0.572,0.486,0.086,HP,
10_20191023,20191023,10,Nursery,46,0.628,0.414,0.214,HP,
10_20191023,20191023,10,Nursery,47,0.656,0.44,0.216,HP,
10_20191023,20191023,10,Nursery,48,0.688,0.357,0.331,HP,
10_20191023,20191023,10,Nursery,49,0.59,0.416,0.174,HP,
10_20191023,20191023,10,Nursery,50,0.516,0.408,0.108,HP,
10_20191023,20191023,10,Nursery,51,0.586,0.392,0.194,HP,
10_20191023,20191023,10,Nursery,52,0.466,0.369,0.097,HP,
10_20191023,20191023,10,Nursery,53,0.618,0.434,0.184,HP,
10_20191023,20191023,10,Nursery,54,0.423,0.304,0.119,HP,
10_20191023,20191023,10,Nursery,55,0.471,0.323,0.148,HP,
Wild_6,20191021,Wild6,Wild,1,0.668,0.438,0.23,HP,
Wild_6,20191021,Wild6,Wild,2,0.492,0.475,0.017,HP,
Wild_6,20191021,Wild6,Wild,3,0.502,0.474,0.028,HP,
Wild_6,20191021,Wild6,Wild,4,0.568,0.536,0.032,HP,
Wild_6,20191021,Wild6,Wild,5,0.617,0.546,0.071,HP,
Wild_6,20191021,Wild6,Wild,6,0.509,0.447,0.062,HP,
Wild_6,20191021,Wild6,Wild,7,0.6,0.522,0.078,HP,
Wild_6,20191021,Wild6,Wild,8,0.573,0.528,0.045,HP,
Wild_6,20191021,Wild6,Wild,9,0.635,0.362,0.273,HP,
Wild_6,20191021,Wild6,Wild,10,0.572,0.525,0.047,HP,
Wild_6,20191021,Wild6,Wild,11,0.643,0.525,0.118,HP,
Wild_6,20191021,Wild6,Wild,12,0.674,0.489,0.185,HP,
Wild_6,20191021,Wild6,Wild,13,0.651,0.467,0.184,HP,
Wild_6,20191021,Wild6,Wild,14,0.662,0.466,0.196,HP,
Wild_6,20191021,Wild6,Wild,15,0.639,0.527,0.112,HP,
Wild_6,20191021,Wild6,Wild,16,0.536,0.528,0.008,HP,
Wild_6,20191021,Wild6,Wild,17,0.45,0.433,0.017,HP,
Wild_6,20191021,Wild6,Wild,18,0.521,0.47,0.051,HP,
Wild_6,20191021,Wild6,Wild,19,0.537,0.476,0.061,HP,
Wild_6,20191021,Wild6,Wild,20,0.491,0.473,0.018,HP,
Wild_6,20191021,Wild6,Wild,21,0.568,0.52,0.048,HP,
Wild_6,20191021,Wild6,Wild,22,0.647,0.492,0.155,HP,
Wild_6,20191021,Wild6,Wild,23,0.543,0.425,0.118,HP,
Wild_6,20191021,Wild6,Wild,24,0.602,0.416,0.186,HP,
Wild_6,20191021,Wild6,Wild,25,0.456,0.446,0.01,HP,
Wild_6,20191021,Wild6,Wild,26,0.543,0.542,0.001,HP,
Wild_6,20191021,Wild6,Wild,27,0.611,0.61,0.001,HP,
Wild_6,20191021,Wild6,Wild,28,0.505,0.383,0.122,HP,
Wild_6,20191021,Wild6,Wild,29,0.574,0.365,0.209,HP,
Wild_6,20191021,Wild6,Wild,30,0.605,0.402,0.203,HP,
Wild_6,20191021,Wild6,Wild,31,0.635,0.502,0.133,HP,
Wild_6,20191021,Wild6,Wild,32,0.548,0.496,0.052,HP,
Wild_6,20191021,Wild6,Wild,33,0.505,0.492,0.013,HP,
Wild_6,20191021,Wild6,Wild,34,0.501,0.386,0.115,HP,
Wild_6,20191021,Wild6,Wild,35,0.527,0.365,0.162,HP,
Wild_6,20191021,Wild6,Wild,36,0.522,0.44,0.082,HP,
Wild_6,20191021,Wild6,Wild,37,0.488,0.471,0.017,HP,
Wild_6,20191021,Wild6,Wild,38,0.564,0.498,0.066,HP,
Wild_6,20191021,Wild6,Wild,39,0.526,0.432,0.094,HP,
Wild_6,20191021,Wild6,Wild,40,0.62,0.331,0.289,HP,
Wild_6,20191021,Wild6,Wild,41,0.562,0.475,0.087,HP,
Wild_6,20191021,Wild6,Wild,42,0.457,0.386,0.071,HP,
Wild_6,20191021,Wild6,Wild,43,0.515,0.368,0.147,HP,
Wild_6,20191021,Wild6,Wild,44,0.529,0.463,0.066,HP,
Wild_6,20191021,Wild6,Wild,45,0.56,0.394,0.166,HP,
Wild_6,20191021,Wild6,Wild,46,0.583,0.48,0.103,HP,
Wild_6,20191021,Wild6,Wild,47,0.598,0.499,0.099,HP,
Wild_6,20191021,Wild6,Wild,48,0.619,0.381,0.238,HP,
Wild_6,20191021,Wild6,Wild,49,0.401,0.393,0.008,HP,
Wild_6,20191021,Wild6,Wild,50,0.644,0.348,0.296,HP,
Wild_6,20191021,Wild6,Wild,51,0.542,0.505,0.037,HP,
Wild_6,20191021,Wild6,Wild,52,0.432,0.413,0.019,HP,
Wild_6,20191021,Wild6,Wild,53,0.521,0.492,0.029,HP,
Wild_6,20191021,Wild6,Wild,54,0.613,0.608,0.005,HP,
Wild_6,20191021,Wild6,Wild,55,0.557,0.468,0.089,HP,
Wild_6,20191021,Wild6,Wild,56,0.589,0.427,0.162,HP,
Wild_6,20191021,Wild6,Wild,57,0.542,0.508,0.034,HP,
Wild_6,20191021,Wild6,Wild,58,0.599,0.346,0.253,HP,
Wild_6,20191021,Wild6,Wild,59,0.558,0.394,0.164,HP,
Wild_6,20191021,Wild6,Wild,60,0.582,0.464,0.118,HP,
Wild_6,20191021,Wild6,Wild,61,0.526,0.501,0.025,HP,
Wild_6,20191021,Wild6,Wild,62,0.549,0.458,0.091,HP,
Wild_6,20191021,Wild6,Wild,63,0.54,0.492,0.048,HP,
Wild_6,20191021,Wild6,Wild,64,0.473,0.434,0.039,HP,
Wild_6,20191021,Wild6,Wild,65,0.595,0.437,0.158,HP,
WildA_20191021,20191021,WildA,Wild,1,0.543,0.476,0.067,HP,
WildA_20191021,20191021,WildA,Wild,2,0.495,0.486,0.009,HP,
WildA_20191021,20191021,WildA,Wild,3,0.414,0.396,0.018,HP,
WildA_20191021,20191021,WildA,Wild,4,0.532,0.525,0.007,HP,
WildA_20191021,20191021,WildA,Wild,5,0.516,0.447,0.069,HP,
WildA_20191021,20191021,WildA,Wild,6,0.472,0.452,0.02,HP,
WildA_20191021,20191021,WildA,Wild,7,0.531,0.487,0.044,HP,
WildA_20191021,20191021,WildA,Wild,8,0.474,0.438,0.036,HP,
WildA_20191021,20191021,WildA,Wild,9,0.538,0.535,0.003,HP,
WildA_20191021,20191021,WildA,Wild,10,0.478,0.475,0.003,HP,
WildA_20191021,20191021,WildA,Wild,11,0.525,0.513,0.012,HP,
WildA_20191021,20191021,WildA,Wild,12,0.496,0.461,0.035,HP,
WildA_20191021,20191021,WildA,Wild,13,0.509,0.418,0.091,HP,
WildA_20191021,20191021,WildA,Wild,14,0.599,0.462,0.137,HP,
WildA_20191021,20191021,WildA,Wild,15,0.447,0.436,0.011,HP,
WildA_20191021,20191021,WildA,Wild,16,0.375,0.363,0.012,HP,
WildA_20191021,20191021,WildA,Wild,17,0.508,0.436,0.072,HP,
WildA_20191021,20191021,WildA,Wild,18,0.437,0.428,0.009,HP,
WildA_20191021,20191021,WildA,Wild,19,0.52,0.469,0.051,HP,
WildA_20191021,20191021,WildA,Wild,20,0.549,0.432,0.117,HP,
WildA_20191021,20191021,WildA,Wild,21,0.461,0.412,0.049,HP,
WildA_20191021,20191021,WildA,Wild,22,0.45,0.445,0.005,HP,
WildA_20191021,20191021,WildA,Wild,23,0.537,0.52,0.017,HP,
WildA_20191021,20191021,WildA,Wild,24,0.511,0.475,0.036,HP,
WildA_20191021,20191021,WildA,Wild,25,0.507,0.499,0.008,HP,
WildA_20191021,20191021,WildA,Wild,26,0.504,0.486,0.018,HP,
WildA_20191021,20191021,WildA,Wild,27,0.567,0.507,0.06,HP,
WildA_20191021,20191021,WildA,Wild,28,0.549,0.47,0.079,HP,
WildA_20191021,20191021,WildA,Wild,29,0.495,0.442,0.053,HP,
WildA_20191021,20191021,WildA,Wild,30,0.534,0.473,0.061,HP,
WildA_20191021,20191021,WildA,Wild,31,0.527,0.446,0.081,HP,
WildA_20191021,20191021,WildA,Wild,32,0.478,0.413,0.065,HP,
WildA_20191021,20191021,WildA,Wild,33,0.534,0.516,0.018,HP,
WildA_20191021,20191021,WildA,Wild,34,0.54,0.443,0.097,HP,
WildA_20191021,20191021,WildA,Wild,35,0.587,0.527,0.06,HP,
WildA_20191021,20191021,WildA,Wild,36,0.531,0.475,0.056,HP,
WildA_20191021,20191021,WildA,Wild,37,0.423,0.419,0.004,HP,
WildA_20191021,20191021,WildA,Wild,38,0.542,0.512,0.03,HP,
WildA_20191021,20191021,WildA,Wild,39,0.492,0.481,0.011,HP,
WildA_20191021,20191021,WildA,Wild,40,0.573,0.446,0.127,HP,
WildA_20191021,20191021,WildA,Wild,41,0.592,0.531,0.061,HP,
WildA_20191021,20191021,WildA,Wild,42,0.444,0.444,0,HP,
WildA_20191021,20191021,WildA,Wild,43,0.53,0.436,0.094,HP,
WildA_20191021,20191021,WildA,Wild,44,0.556,0.503,0.053,HP,
WildA_20191021,20191021,WildA,Wild,45,0.516,0.444,0.072,HP,
WildA_20191021,20191021,WildA,Wild,46,0.492,0.473,0.019,HP,
WildA_20191021,20191021,WildA,Wild,47,0.49,0.416,0.074,HP,
WildA_20191021,20191021,WildA,Wild,48,0.565,0.511,0.054,HP,
WildA_20191021,20191021,WildA,Wild,49,0.559,0.448,0.111,HP,
WildA_20191021,20191021,WildA,Wild,50,0.506,0.492,0.014,HP,
WildA_20191021,20191021,WildA,Wild,51,0.488,0.469,0.019,HP,
WildA_20191021,20191021,WildA,Wild,52,0.523,0.444,0.079,HP,
WildA_20191021,20191021,WildA,Wild,53,0.452,0.45,0.002,HP,
WildA_20191021,20191021,WildA,Wild,54,0.504,0.475,0.029,HP,
WildA_20191021,20191021,WildA,Wild,55,0.385,0.379,0.006,HP,
WildA_20191021,20191021,WildA,Wild,56,0.477,0.434,0.043,HP,
WildA_20191021,20191021,WildA,Wild,57,0.458,0.455,0.003,HP,
WildA_20191021,20191021,WildA,Wild,58,0.511,0.505,0.006,HP,
WildA_20191021,20191021,WildA,Wild,59,0.454,0.421,0.033,HP,
WildA_20191021,20191021,WildA,Wild,60,0.52,0.442,0.078,HP,
WildA_20191021,20191021,WildA,Wild,61,0.538,0.504,0.034,HP,
WildA_20191021,20191021,WildA,Wild,62,0.495,0.444,0.051,HP,
WildA_20191021,20191021,WildA,Wild,63,0.582,0.52,0.062,HP,
WildA_20191021,20191021,WildA,Wild,64,0.575,0.415,0.16,HP,
WildA_20191021,20191021,WildA,Wild,65,0.55,0.468,0.082,HP,
WildA_20191021,20191021,WildA,Wild,66,0.515,0.463,0.052,HP,
WildA_20191021,20191021,WildA,Wild,67,0.472,0.426,0.046,HP,
WildA_20191021,20191021,WildA,Wild,68,0.483,0.448,0.035,HP,
WildB_20191024,20191024,WildB,Wild,1,0.416,0.393,0.023,HP,
WildB_20191024,20191024,WildB,Wild,2,0.37,0.356,0.014,HP,
WildB_20191024,20191024,WildB,Wild,3,0.447,0.394,0.053,HP,
WildB_20191024,20191024,WildB,Wild,4,0.442,0.405,0.037,HP,
WildB_20191024,20191024,WildB,Wild,5,0.427,0.388,0.039,HP,
WildB_20191024,20191024,WildB,Wild,6,0.45,0.449,0.001,HP,
WildB_20191024,20191024,WildB,Wild,7,0.453,0.411,0.042,HP,
WildB_20191024,20191024,WildB,Wild,8,0.43,0.428,0.002,HP,
WildB_20191024,20191024,WildB,Wild,9,0.422,0.41,0.012,HP,
WildB_20191024,20191024,WildB,Wild,10,0.406,0.381,0.025,HP,
WildB_20191024,20191024,WildB,Wild,11,0.462,0.427,0.035,HP,
WildB_20191024,20191024,WildB,Wild,12,0.435,0.39,0.045,HP,
WildB_20191024,20191024,WildB,Wild,13,0.433,0.412,0.021,HP,
WildB_20191024,20191024,WildB,Wild,14,0.451,0.381,0.07,HP,
WildB_20191024,20191024,WildB,Wild,15,0.429,0.379,0.05,HP,
WildB_20191024,20191024,WildB,Wild,16,0.455,0.346,0.109,HP,
WildB_20191024,20191024,WildB,Wild,17,0.446,0.377,0.069,HP,
WildB_20191024,20191024,WildB,Wild,18,0.401,0.364,0.037,HP,
WildB_20191024,20191024,WildB,Wild,19,0.419,0.396,0.023,HP,
WildB_20191024,20191024,WildB,Wild,20,0.392,0.364,0.028,HP,
WildB_20191024,20191024,WildB,Wild,21,0.465,0.454,0.011,HP,
WildB_20191024,20191024,WildB,Wild,22,0.443,0.404,0.039,HP,
WildB_20191024,20191024,WildB,Wild,23,0.434,0.426,0.008,HP,
WildB_20191024,20191024,WildB,Wild,24,0.424,0.363,0.061,HP,
WildB_20191024,20191024,WildB,Wild,25,0.443,0.373,0.07,HP,
WildB_20191024,20191024,WildB,Wild,26,0.421,0.405,0.016,HP,
WildB_20191024,20191024,WildB,Wild,27,0.464,0.371,0.093,HP,
WildB_20191024,20191024,WildB,Wild,28,0.447,0.425,0.022,HP,
WildB_20191024,20191024,WildB,Wild,29,0.472,0.393,0.079,HP,
WildB_20191024,20191024,WildB,Wild,30,0.427,0.426,0.001,HP,
WildB_20191024,20191024,WildB,Wild,31,0.546,0.31,0.236,HP,
WildB_20191024,20191024,WildB,Wild,32,0.481,0.421,0.06,HP,
WildB_20191024,20191024,WildB,Wild,33,0.423,0.399,0.024,HP,
WildB_20191024,20191024,WildB,Wild,34,0.495,0.428,0.067,HP,
WildB_20191024,20191024,WildB,Wild,35,0.459,0.392,0.067,HP,
WildB_20191024,20191024,WildB,Wild,36,0.439,0.412,0.027,HP,
WildB_20191024,20191024,WildB,Wild,37,0.476,0.349,0.127,HP,
WildB_20191024,20191024,WildB,Wild,38,0.395,0.322,0.073,HP,
WildB_20191024,20191024,WildB,Wild,39,0.43,0.39,0.04,HP,
WildB_20191024,20191024,WildB,Wild,40,0.468,0.389,0.079,HP,
WildB_20191024,20191024,WildB,Wild,41,0.412,0.358,0.054,HP,
WildB_20191024,20191024,WildB,Wild,42,0.463,0.423,0.04,HP,
WildB_20191024,20191024,WildB,Wild,43,0.455,0.365,0.09,HP,
WildB_20191024,20191024,WildB,Wild,44,0.415,0.39,0.025,HP,
WildB_20191024,20191024,WildB,Wild,45,0.426,0.422,0.004,HP,
WildB_20191024,20191024,WildB,Wild,46,0.453,0.431,0.022,HP,
WildB_20191024,20191024,WildB,Wild,47,0.401,0.387,0.014,HP,
WildB_20191024,20191024,WildB,Wild,48,0.419,0.415,0.004,HP,
WildB_20191024,20191024,WildB,Wild,49,0.441,0.395,0.046,HP,
WildC_20191024,20191024,WildC,Wild,1,0.412,0.394,0.018,HP,
WildC_20191024,20191024,WildC,Wild,2,0.42,0.401,0.019,HP,
WildC_20191024,20191024,WildC,Wild,3,0.458,0.354,0.104,HP,
WildC_20191024,20191024,WildC,Wild,4,0.436,0.34,0.096,HP,
WildC_20191024,20191024,WildC,Wild,5,0.446,0.387,0.059,HP,
WildC_20191024,20191024,WildC,Wild,6,0.457,0.387,0.07,HP,
WildC_20191024,20191024,WildC,Wild,7,0.435,0.417,0.018,HP,
WildC_20191024,20191024,WildC,Wild,8,0.397,0.3,0.097,HP,
WildC_20191024,20191024,WildC,Wild,9,0.359,0.338,0.021,HP,
WildC_20191024,20191024,WildC,Wild,10,0.454,0.403,0.051,HP,
WildC_20191024,20191024,WildC,Wild,11,0.386,0.346,0.04,HP,
WildC_20191024,20191024,WildC,Wild,12,0.409,0.372,0.037,HP,
WildC_20191024,20191024,WildC,Wild,13,0.474,0.409,0.065,HP,
WildC_20191024,20191024,WildC,Wild,14,0.388,0.357,0.031,HP,
WildC_20191024,20191024,WildC,Wild,15,0.441,0.429,0.012,HP,
WildC_20191024,20191024,WildC,Wild,16,0.399,0.307,0.092,HP,
WildC_20191024,20191024,WildC,Wild,17,0.472,0.424,0.048,HP,
WildC_20191024,20191024,WildC,Wild,18,0.48,0.43,0.05,HP,
WildC_20191024,20191024,WildC,Wild,19,0.423,0.386,0.037,HP,
WildC_20191024,20191024,WildC,Wild,20,0.442,0.435,0.007,HP,
WildC_20191024,20191024,WildC,Wild,21,0.39,0.354,0.036,HP,
WildC_20191024,20191024,WildC,Wild,22,0.403,0.368,0.035,HP,
WildC_20191024,20191024,WildC,Wild,23,0.413,0.409,0.004,HP,
WildC_20191024,20191024,WildC,Wild,24,0.372,0.328,0.044,HP,
WildC_20191024,20191024,WildC,Wild,25,0.439,0.424,0.015,HP,
WildC_20191024,20191024,WildC,Wild,26,0.43,0.402,0.028,HP,
WildC_20191024,20191024,WildC,Wild,27,0.432,0.401,0.031,HP,
WildC_20191024,20191024,WildC,Wild,28,0.401,0.386,0.015,HP,
WildC_20191024,20191024,WildC,Wild,29,0.467,0.411,0.056,HP,
WildC_20191024,20191024,WildC,Wild,30,0.45,0.431,0.019,HP,
WildC_20191024,20191024,WildC,Wild,31,0.42,0.392,0.028,HP,
WildC_20191024,20191024,WildC,Wild,32,0.449,0.427,0.022,HP,
WildC_20191024,20191024,WildC,Wild,33,0.433,0.426,0.007,HP,
WildC_20191024,20191024,WildC,Wild,34,0.399,0.34,0.059,HP,
WildC_20191024,20191024,WildC,Wild,35,0.439,0.349,0.09,HP,
WildC_20191024,20191024,WildC,Wild,36,0.477,0.431,0.046,HP,
WildC_20191024,20191024,WildC,Wild,37,0.413,0.413,0,HP,
WildC_20191024,20191024,WildC,Wild,38,0.502,0.383,0.119,HP,
WildC_20191024,20191024,WildC,Wild,39,0.455,0.453,0.002,HP,
WildD_20191024,20191024,WildD,Wild,1,0.407,0.333,0.074,HP,
WildD_20191024,20191024,WildD,Wild,2,0.439,0.359,0.08,HP,
WildD_20191024,20191024,WildD,Wild,3,0.414,0.336,0.078,HP,
WildD_20191024,20191024,WildD,Wild,4,0.347,0.254,0.093,HP,
WildD_20191024,20191024,WildD,Wild,5,0.373,0.318,0.055,HP,
WildD_20191024,20191024,WildD,Wild,6,0.352,0.34,0.012,HP,
WildD_20191024,20191024,WildD,Wild,7,0.458,0.363,0.095,HP,
WildD_20191024,20191024,WildD,Wild,8,0.41,0.324,0.086,HP,
WildD_20191024,20191024,WildD,Wild,9,0.38,0.297,0.083,HP,
WildD_20191024,20191024,WildD,Wild,10,0.367,0.323,0.044,HP,
WildD_20191024,20191024,WildD,Wild,11,0.376,0.297,0.079,HP,
WildD_20191024,20191024,WildD,Wild,12,0.514,0.262,0.252,HP,
WildD_20191024,20191024,WildD,Wild,13,0.4,0.338,0.062,HP,
WildD_20191024,20191024,WildD,Wild,14,0.403,0.26,0.143,HP,
WildD_20191024,20191024,WildD,Wild,15,0.379,0.301,0.078,HP,
WildD_20191024,20191024,WildD,Wild,16,0.415,0.32,0.095,HP,
WildD_20191024,20191024,WildD,Wild,17,0.363,0.352,0.011,HP,
WildD_20191024,20191024,WildD,Wild,18,0.397,0.312,0.085,HP,
WildD_20191024,20191024,WildD,Wild,19,0.409,0.381,0.028,HP,
WildD_20191024,20191024,WildD,Wild,20,0.363,0.31,0.053,HP,
WildD_20191024,20191024,WildD,Wild,21,0.405,0.354,0.051,HP,
WildD_20191024,20191024,WildD,Wild,22,0.4,0.35,0.05,HP,
WildD_20191024,20191024,WildD,Wild,23,0.407,0.315,0.092,HP,
WildD_20191024,20191024,WildD,Wild,24,0.403,0.246,0.157,HP,
WildD_20191024,20191024,WildD,Wild,25,0.385,0.294,0.091,HP,
WildD_20191024,20191024,WildD,Wild,26,0.303,0.277,0.026,HP,
WildD_20191024,20191024,WildD,Wild,27,0.396,0.352,0.044,HP,
WildD_20191024,20191024,WildD,Wild,28,0.412,0.313,0.099,HP,
WildD_20191024,20191024,WildD,Wild,29,0.331,0.235,0.096,HP,
WildD_20191024,20191024,WildD,Wild,30,0.349,0.297,0.052,HP,
WildD_20191024,20191024,WildD,Wild,31,0.411,0.294,0.117,HP,
WildD_20191024,20191024,WildD,Wild,32,0.338,0.309,0.029,HP,
WildD_20191024,20191024,WildD,Wild,33,0.344,0.308,0.036,HP,
WildD_20191024,20191024,WildD,Wild,34,0.411,0.378,0.033,HP,
WildD_20191024,20191024,WildD,Wild,35,0.423,0.338,0.085,HP,
WildD_20191024,20191024,WildD,Wild,36,0.334,0.287,0.047,HP,
WildD_20191024,20191024,WildD,Wild,37,0.359,0.299,0.06,HP,
WildD_20191024,20191024,WildD,Wild,38,0.377,0.309,0.068,HP,
WildD_20191024,20191024,WildD,Wild,39,0.322,0.3,0.022,HP,
WildD_20191024,20191024,WildD,Wild,40,0.341,0.323,0.018,HP,
WildD_20191024,20191024,WildD,Wild,41,0.399,0.355,0.044,HP,
WildE_20191024,20191024,WildE,Wild,1,0.648,0.502,0.146,HP,
WildE_20191024,20191024,WildE,Wild,2,0.52,0.508,0.012,HP,
WildE_20191024,20191024,WildE,Wild,3,0.512,0.508,0.004,HP,
WildE_20191024,20191024,WildE,Wild,4,0.591,0.544,0.047,HP,
WildE_20191024,20191024,WildE,Wild,5,0.496,0.332,0.164,HP,
WildE_20191024,20191024,WildE,Wild,6,0.554,0.498,0.056,HP,
WildE_20191024,20191024,WildE,Wild,7,0.613,0.523,0.09,HP,
WildE_20191024,20191024,WildE,Wild,8,0.583,0.481,0.102,HP,
WildE_20191024,20191024,WildE,Wild,9,0.555,0.457,0.098,HP,
WildE_20191024,20191024,WildE,Wild,10,0.641,0.428,0.213,HP,
WildE_20191024,20191024,WildE,Wild,11,0.417,0.345,0.072,HP,
WildE_20191024,20191024,WildE,Wild,12,0.611,0.534,0.077,HP,
WildE_20191024,20191024,WildE,Wild,13,0.502,0.486,0.016,HP,
WildE_20191024,20191024,WildE,Wild,14,0.462,0.367,0.095,HP,
WildE_20191024,20191024,WildE,Wild,15,0.553,0.523,0.03,HP,
WildE_20191024,20191024,WildE,Wild,16,0.603,0.426,0.177,HP,
WildE_20191024,20191024,WildE,Wild,17,0.56,0.427,0.133,HP,
WildE_20191024,20191024,WildE,Wild,18,0.588,0.543,0.045,HP,
WildE_20191024,20191024,WildE,Wild,19,0.634,0.482,0.152,HP,
WildE_20191024,20191024,WildE,Wild,20,0.633,0.437,0.196,HP,
WildE_20191024,20191024,WildE,Wild,21,0.594,0.53,0.064,HP,
WildE_20191024,20191024,WildE,Wild,22,0.618,0.338,0.28,HP,
WildE_20191024,20191024,WildE,Wild,23,0.527,0.52,0.007,HP,
WildE_20191024,20191024,WildE,Wild,24,0.452,0.439,0.013,HP,
WildE_20191024,20191024,WildE,Wild,25,0.545,0.487,0.058,HP,
WildE_20191024,20191024,WildE,Wild,26,0.642,0.478,0.164,HP,
WildE_20191024,20191024,WildE,Wild,27,0.518,0.491,0.027,HP,
WildE_20191024,20191024,WildE,Wild,28,0.594,0.447,0.147,HP,
WildE_20191024,20191024,WildE,Wild,29,0.544,0.481,0.063,HP,
WildE_20191024,20191024,WildE,Wild,30,0.545,0.43,0.115,HP,
WildE_20191024,20191024,WildE,Wild,31,0.516,0.48,0.036,HP,
WildE_20191024,20191024,WildE,Wild,32,0.561,0.552,0.009,HP,
WildE_20191024,20191024,WildE,Wild,33,0.388,0.27,0.118,HP,
